ZipCode,Latitude,Longitude
11385,40.702404,-73.885979
11208,40.669689,-73.871371
11236,40.639413,-73.900664
10467,40.869953,-73.865696
11373,40.73509,-73.877562
11226,40.644962,-73.956304
11207,40.670925,-73.895216
10025,40.798664,-73.967778
11214,40.599523,-73.998594
11234,40.610947,-73.913892
10314,40.591006,-74.150741
11220,40.634873,-74.016905
11219,40.633157,-73.996953
11230,40.62251,-73.966109
11206,40.700453,-73.949255
10456,40.830529,-73.908655
11221,40.69134,-73.927879
10458,40.864728,-73.889855
11233,40.682088,-73.920638
11229,40.600988,-73.939998
11377,40.748372,-73.905445
11235,40.584455,-73.948402
11223,40.597139,-73.973429
10468,40.870978,-73.900505
11204,40.618779,-73.984826
11355,40.750317,-73.813903
10453,40.852728,-73.912455
10452,40.838729,-73.921605
11203,40.649591,-73.934371
10457,40.846129,-73.898255
10462,40.842729,-73.854703
11212,40.663845,-73.916406
10029,40.791884,-73.943517
10002,40.718758,-73.986427
11218,40.64434,-73.978411
11375,40.723041,-73.843688
10466,40.890964,-73.846239
10469,40.869978,-73.844903
11215,40.664322,-73.984132
10463,40.879528,-73.904355
11209,40.622459,-74.028749
11691,40.601475,-73.76191
10977,41.115833,-74.047384
11213,40.67317,-73.936055
11201,40.694481,-73.989319
14850,42.402794,-76.483999
11746,40.814348,-73.363363
11372,40.751146,-73.882508
10472,40.829529,-73.865704
11706,40.742795,-73.265461
11434,40.674583,-73.78156
10701,40.946107,-73.866926
11717,40.780882,-73.250336
11211,40.712597,-73.953098
10023,40.776765,-73.982213
11210,40.625468,-73.945521
10027,40.812242,-73.9532
11432,40.714531,-73.794435
10312,40.545163,-74.174692
10024,40.798452,-73.974414
11216,40.680474,-73.946829
10031,40.823438,-73.949039
10950,41.33065,-74.18681
11435,40.701265,-73.809605
10033,40.851293,-73.934764
11550,40.700201,-73.620872
10032,40.839137,-73.942181
10473,40.816229,-73.860304
10009,40.72775,-73.980396
10460,40.841829,-73.879004
11225,40.661096,-73.952295
11238,40.680593,-73.963928
10128,40.780989,-73.95158
10016,40.745527,-73.978449
10306,40.559668,-74.12241
12550,41.539574,-74.057223
14221,42.968507,-78.749153
10003,40.730223,-73.988564
14580,43.21821,-77.454075
11758,40.66766,-73.47076
12180,42.748588,-73.599536
11354,40.766382,-73.82619
10461,40.845279,-73.843103
10011,40.740916,-73.999769
11420,40.674432,-73.819013
10459,40.825629,-73.893605
10940,41.446544,-74.478741
11205,40.694698,-73.966301
11237,40.702192,-73.91807
14094,43.168463,-78.706886
10451,40.819329,-73.920355
11419,40.686769,-73.822979
11590,40.74505,-73.571521
11224,40.577372,-73.988706
10028,40.776629,-73.953914
11374,40.722861,-73.862069
10952,41.118595,-74.084536
10465,40.826879,-73.825153
11003,40.697558,-73.704946
11772,40.76565,-73.01511
10040,40.858692,-73.930999
11413,40.664542,-73.755926
11365,40.738884,-73.790067
11228,40.616695,-74.013047
11757,40.688799,-73.376475
11520,40.651251,-73.585222
10305,40.596828,-74.077837
10475,40.874878,-73.827653
14075,42.729083,-78.837596
12065,42.850576,-73.792524
14120,43.03867,-78.8642
11357,40.786173,-73.819069
10019,40.765926,-73.985443
10304,40.608389,-74.093684
13760,42.150588,-76.055064
11756,40.7228,-73.515819
11580,40.676052,-73.697828
10034,40.86723,-73.924415
14450,43.104287,-77.428964
10455,40.815029,-73.908355
12601,41.701908,-73.911521
11421,40.691917,-73.85666
11040,40.729351,-73.682824
14215,42.932957,-78.812252
10021,40.768823,-73.960257
11249,40.645099,-73.945032
11743,40.867647,-73.410218
11367,40.730164,-73.821997
11217,40.684948,-73.980613
14150,42.99704,-78.878659
11412,40.695829,-73.761747
12603,41.690707,-73.862074
10583,40.992686,-73.799476
11433,40.696533,-73.786776
13440,43.20886,-75.383365
10801,40.91757,-73.784858
10573,41.022193,-73.679799
11801,40.762304,-73.524452
14224,42.837128,-78.748352
14609,43.177093,-77.554873
11106,40.760601,-73.930984
11704,40.709098,-73.356164
11231,40.676521,-74.003322
13501,43.077369,-75.233208
11378,40.722848,-73.908413
10705,40.919705,-73.889928
11379,40.71649,-73.88125
11222,40.728388,-73.945754
10026,40.802918,-73.953107
10550,40.909838,-73.83389
14701,42.08016,-79.25671
11561,40.589139,-73.642323
11364,40.742772,-73.758831
14624,43.121612,-77.731127
11418,40.698566,-73.83127
10454,40.807129,-73.918405
12866,43.08313,-73.78457
10301,40.623632,-74.093323
11779,40.808322,-73.130469
13601,43.968892,-75.906501
11105,40.776468,-73.908761
11358,40.760426,-73.795788
11554,40.72135,-73.55877
13021,42.894381,-76.565683
10035,40.801913,-73.9347
12590,41.59648,-73.91097
11722,40.78193,-73.196148
11710,40.6729,-73.53652
11103,40.761884,-73.911642
10309,40.531767,-74.218779
13027,43.158531,-76.360147
13126,43.45535,-76.5105
12401,41.96973,-74.06678
14086,42.907658,-78.632137
11787,40.856793,-73.208278
11510,40.654626,-73.608972
14612,43.257111,-77.67824
14225,42.925458,-78.748145
11566,40.668501,-73.553628
11422,40.659418,-73.736866
13502,43.150119,-75.192786
12020,42.983588,-73.882538
10562,41.16287,-73.86152
11101,40.744622,-73.934502
10022,40.758775,-73.967842
11417,40.675056,-73.844315
10010,40.739024,-73.983542
12309,42.809077,-73.869316
11735,40.732747,-73.432789
14621,43.189939,-77.603649
14534,43.060229,-77.520692
12901,44.704021,-73.471148
10704,40.922938,-73.861941
11901,40.922326,-72.637078
10030,40.818474,-73.94329
11050,40.839896,-73.693128
11369,40.762741,-73.869969
11793,40.67815,-73.509519
10065,40.764584,-73.963013
11731,40.856997,-73.314561
11423,40.716888,-73.766897
11414,40.658825,-73.84382
10956,41.149494,-73.98827
12203,42.700345,-73.857496
10036,40.75953,-73.989847
14127,42.742541,-78.704437
10308,40.551191,-74.148893
11803,40.78325,-73.47319
11361,40.764438,-73.773026
14226,42.974389,-78.794905
10014,40.738088,-74.005095
11763,40.82124,-72.98653
11572,40.635252,-73.636923
11370,40.763771,-73.891451
14626,43.190312,-77.720018
12303,42.782276,-73.944818
10013,40.722105,-74.003497
11542,40.86232,-73.63374
11727,40.88124,-73.00588
13090,43.152767,-76.223459
11720,40.87056,-73.08201
10598,41.287329,-73.790284
11725,40.842247,-73.280935
11429,40.710076,-73.740151
14304,43.100305,-78.952112
11530,40.726801,-73.639723
11232,40.656528,-74.007331
11570,40.667352,-73.638523
14424,42.813576,-77.289687
13045,42.614268,-76.120128
11102,40.770808,-73.92516
11701,40.686249,-73.411866
14606,43.173612,-77.691577
12302,42.880035,-73.991321
11967,40.79668,-72.87373
11104,40.742794,-73.918216
12804,43.340954,-73.685911
10303,40.631697,-74.165016
13905,42.173709,-75.922159
12306,42.816438,-74.052713
12010,42.906298,-74.229042
11356,40.784369,-73.843641
10039,40.826736,-73.939398
14616,43.234623,-77.657664
11741,40.78791,-73.066689
11553,40.705868,-73.591421
11416,40.684546,-73.850708
10001,40.750422,-73.996328
11001,40.720051,-73.706783
12553,41.47313,-74.02733
10954,41.097716,-74.010934
10710,40.967946,-73.84736
10541,41.412395,-73.752059
11729,40.762574,-73.323061
12205,42.719799,-73.820666
11552,40.690251,-73.653023
12533,41.58436,-73.80236
11791,40.828288,-73.505922
14623,43.082184,-77.649074
10310,40.632943,-74.118669
11427,40.729293,-73.749811
11795,40.699825,-73.290905
14207,42.949557,-78.897009
14043,42.898958,-78.707872
11010,40.700101,-73.674074
10566,41.29009,-73.92042
11784,40.86995,-73.04735
10901,41.137295,-74.105737
14220,42.845908,-78.823005
11692,40.5923,-73.793273
14216,42.946407,-78.860407
14228,43.044371,-78.777335
10512,41.429571,-73.777626
13069,43.32285,-76.41716
14618,43.112163,-77.561771
14213,42.918057,-78.891108
14620,43.129862,-77.618523
14211,42.912257,-78.819005
10591,41.089703,-73.844034
10075,40.773357,-73.956208
10471,40.899178,-73.898677
10038,40.710223,-74.003368
10703,40.959347,-73.881329
11776,40.92595,-73.06504
11714,40.728449,-73.495369
12047,42.77424,-73.70012
13208,43.074466,-76.145796
10552,40.92446,-73.826115
12078,43.114958,-74.344328
10708,40.938448,-73.829978
11581,40.652253,-73.711775
13850,42.055476,-76.027088
14217,42.971869,-78.876868
11762,40.68038,-73.45512
14617,43.207062,-77.609425
11694,40.57661,-73.84276
14020,42.980544,-78.231764
10012,40.725581,-73.998078
14223,42.974607,-78.850507
11563,40.657602,-73.672574
12208,42.654658,-73.805866
13088,43.112421,-76.189457
11783,40.6677,-73.49233
11726,40.68022,-73.394762
12144,42.64258,-73.7429
11411,40.69455,-73.73847
10543,40.949199,-73.738779
14214,42.940107,-78.835256
14206,42.881012,-78.814555
11501,40.74927,-73.64068
14072,43.015256,-78.958945
10805,40.899599,-73.780976
11436,40.675283,-73.800696
13820,42.461688,-75.096727
11428,40.720639,-73.742099
11768,40.914289,-73.33268
10990,41.25648,-74.35988
14845,42.21003,-76.836629
14227,42.885308,-78.746202
11426,40.736459,-73.722376
10567,41.284044,-73.893116
13212,43.122566,-76.128382
11937,40.96343,-72.1848
14218,42.814558,-78.807754
12304,42.788176,-73.899917
10605,41.007597,-73.748575
11415,40.707133,-73.829247
10509,41.39732,-73.61707
13204,43.055766,-76.177597
11360,40.780294,-73.781206
13901,42.165629,-75.890685
14420,43.223303,-77.917335
14526,43.145813,-77.454446
12110,42.752928,-73.779714
12508,41.50482,-73.96958
13210,43.031189,-76.127021
14051,43.042907,-78.698796
10603,41.048958,-73.783036
11738,40.83988,-73.04318
10037,40.813884,-73.938498
11790,40.905957,-73.127374
11021,40.784319,-73.731488
12589,41.631653,-74.154472
11747,40.787248,-73.405573
13903,42.083005,-75.923248
11362,40.758364,-73.735759
14456,42.857414,-77.034883
14830,42.120541,-77.048462
14559,43.185709,-77.830577
13790,42.11563,-75.95881
12831,43.204261,-73.707415
12189,42.736277,-73.720318
14611,43.148316,-77.646987
12477,42.07759,-73.95291
12534,42.184313,-73.742997
14468,43.28521,-77.832333
10302,40.628923,-74.137947
11575,40.680451,-73.590071
11798,40.74653,-73.37725
14615,43.201252,-77.654726
12561,41.74638,-74.109241
14052,42.768209,-78.577136
10580,40.978942,-73.69332
11754,40.88901,-73.24592
14607,43.152013,-77.584888
11703,40.732348,-73.325363
13205,43.006816,-76.142495
14760,42.082142,-78.425973
11030,40.78842,-73.69425
10538,40.92788,-73.7518
11950,40.8018,-72.84269
13039,43.17562,-76.11937
11733,40.94149,-73.10594
13206,43.076416,-76.109995
13203,43.062016,-76.134145
11946,40.85991,-72.52253
13104,42.955618,-75.96654
12118,42.90285,-73.68734
14305,43.117255,-79.018415
11788,40.819074,-73.2122
12054,42.605467,-73.8757
10470,40.889527,-73.87266
11004,40.745263,-73.711159
13662,44.9281,-74.89186
13413,43.067369,-75.290911
13031,43.049756,-76.348012
14564,42.973715,-77.426906
11780,40.889314,-73.174435
14222,42.918207,-78.875007
11239,40.647735,-73.879477
10606,41.020573,-73.775846
13219,43.041703,-76.222898
14613,43.182171,-77.640175
12206,42.675779,-73.793065
14901,42.082585,-76.71857
12524,41.53565,-73.89903
10549,41.197329,-73.72286
10965,41.061476,-74.018283
10017,40.752955,-73.973196
11782,40.745866,-73.085858
14210,42.863608,-78.825755
13669,44.69423,-75.48634
10960,41.080474,-73.930179
10804,40.951498,-73.786526
14048,42.487716,-79.328287
12771,41.37509,-74.69266
12801,43.30952,-73.64401
10307,40.510723,-74.24194
14904,42.069149,-76.800695
11951,40.76144,-72.84014
12019,42.934416,-73.848971
12953,44.859117,-74.288237
12182,42.799699,-73.630864
13215,42.972161,-76.227599
14619,43.135688,-77.649126
10941,41.487318,-74.344437
12538,41.792345,-73.893142
11953,40.88573,-72.94537
13057,43.096216,-76.047426
11767,40.846678,-73.146763
11693,40.590692,-73.809749
12308,42.835926,-73.920467
11702,40.69566,-73.32568
12211,42.712973,-73.773868
11598,40.633103,-73.712025
13676,44.65496,-74.926222
14513,43.087067,-77.097867
11366,40.727277,-73.790772
10924,41.40204,-74.32432
10530,41.019105,-73.812077
14610,43.140163,-77.557871
11751,40.72813,-73.217871
12528,41.720945,-74.009481
12839,43.30063,-73.58595
10980,41.235675,-74.028095
10528,40.979118,-73.723036
11968,40.905926,-72.415663
14063,42.412217,-79.319254
11753,40.789722,-73.539911
10514,41.16845,-73.76197
14411,43.235143,-78.194251
11764,40.9368,-72.98766
14622,43.215741,-77.552402
11730,40.724146,-73.175926
13815,42.53118,-75.52351
10520,41.226478,-73.867787
12566,41.60935,-74.29663
13209,43.084666,-76.240549
13032,43.005767,-75.798607
10803,40.904538,-73.806277
11742,40.798994,-73.048985
14425,42.958041,-77.308256
13421,43.047755,-75.640944
13207,43.012216,-76.170596
14527,42.637423,-77.069925
11961,40.905139,-72.888349
11576,40.79982,-73.65096
10570,41.131069,-73.792214
14586,43.041553,-77.683575
13066,43.02979,-76.00436
10918,41.36259,-74.27126
13603,44.035974,-75.793813
11949,40.866412,-72.80456
10927,41.191694,-73.964933
14843,42.32785,-77.6611
12701,41.65565,-74.68933
14519,43.221476,-77.308614
12095,43.00674,-74.36764
14201,42.89606,-78.886424
11755,40.85185,-73.129003
10044,40.761812,-73.950521
12586,41.562765,-74.170102
14212,42.894558,-78.818805
11577,40.77877,-73.63963
11778,40.948048,-72.937087
14301,43.095821,-79.040407
14608,43.154611,-77.624001
14004,42.872937,-78.528446
13041,43.1859,-76.17243
13617,44.574484,-75.059713
11545,40.84492,-73.61802
10604,41.062079,-73.74338
12188,42.845579,-73.702433
13323,43.036697,-75.382414
10522,41.011147,-73.865178
14810,42.357464,-77.302789
13827,42.176816,-76.2568
10970,41.18416,-74.045358
14454,42.783801,-77.777872
10474,40.813929,-73.884104
14605,43.166313,-77.602973
11766,40.93766,-73.02005
13492,43.12201,-75.29156
10536,41.25898,-73.68541
14208,42.916107,-78.858157
14219,42.786308,-78.826444
13078,42.966136,-76.057658
10601,41.031397,-73.769626
12210,42.659616,-73.756386
12549,41.52759,-74.23682
14092,43.170805,-78.989515
14032,43.00842,-78.63081
13619,43.97812,-75.60936
14103,43.239442,-78.359871
10510,41.14565,-73.82375
14467,43.05923,-77.61222
13148,42.905264,-76.794921
10930,41.34704,-74.12626
11740,40.866948,-73.362512
11596,40.75649,-73.64485
13357,43.01507,-75.03543
10553,40.909449,-73.822109
11518,40.640387,-73.668224
10707,40.960498,-73.816127
10709,40.956098,-73.812177
12414,42.21731,-73.86457
12569,41.734557,-73.79284
11023,40.7987,-73.733702
14502,43.110807,-77.31345
12061,42.570352,-73.655682
12209,42.638686,-73.790469
11771,40.86897,-73.53114
14625,43.152213,-77.505705
11716,40.76902,-73.113366
14870,42.16202,-77.09414
12828,43.26702,-73.58456
13165,42.892556,-76.882263
13350,43.026867,-74.933404
14001,43.013808,-78.525296
10523,41.0551,-73.82013
13037,43.04507,-75.86658
13036,43.28674,-76.14604
14522,43.081306,-77.218849
14031,42.992968,-78.601269
10992,41.42787,-74.16598
13642,44.33673,-75.46299
14059,42.828309,-78.628966
13904,42.131088,-75.787801
14472,42.982513,-77.606771
14006,42.63839,-79.02782
14895,42.12201,-77.94806
12571,42.002775,-73.809608
11752,40.757226,-73.182854
11797,40.81764,-73.47035
11777,40.94649,-73.06927
11713,40.75704,-72.93927
12540,41.633029,-73.743183
11096,40.620492,-73.747376
11565,40.674652,-73.673324
10706,40.987797,-73.862969
14437,42.61837,-77.737515
14209,42.918107,-78.865857
13367,43.789296,-75.415599
11792,40.954997,-72.825588
11769,40.738322,-73.131797
13214,43.039666,-76.072153
10920,41.152545,-73.936305
12572,41.92676,-73.91264
11558,40.606953,-73.654724
12202,42.636371,-73.763564
13224,43.038366,-76.099394
10005,40.706903,-74.008654
10280,40.708857,-74.016217
10923,41.203984,-74.003167
13035,42.939422,-75.775568
11963,40.99788,-72.29258
11559,40.615435,-73.72642
14482,42.95619,-77.989988
12009,42.688731,-74.030596
11024,40.81609,-73.741415
12159,42.644278,-73.876338
10504,41.13201,-73.71372
12803,43.283561,-73.629401
10989,41.122868,-73.934844
14905,42.093574,-76.844329
10579,41.33593,-73.87403
11516,40.626453,-73.725825
11705,40.748364,-73.057026
11557,40.638803,-73.693274
12204,42.691525,-73.733797
13365,43.078904,-74.864422
10007,40.713941,-74.007401
13244,43.037716,-76.139646
12033,42.51841,-73.75123
10018,40.755332,-73.993172
14204,42.882957,-78.864898
10595,41.09269,-73.76848
12564,41.56204,-73.60263
14892,42.01035,-76.52717
11934,40.80104,-72.79699
14057,42.641429,-78.875456
12043,42.67785,-74.48542
13152,42.94701,-76.4291
13029,43.227448,-76.140648
14011,42.86423,-78.28029
12307,42.805376,-73.934868
14141,42.538335,-78.685169
12754,41.8012,-74.74655
14445,43.113563,-77.482538
13340,43.039203,-75.118168
11789,40.95556,-72.96545
10533,41.03922,-73.86823
14085,42.716055,-78.929357
13732,42.049798,-76.181009
14589,43.23941,-77.163811
14470,43.21586,-78.073057
14068,43.026737,-78.762454
12018,42.63607,-73.55285
11363,40.771467,-73.745323
14489,43.099263,-76.970937
10547,41.31843,-73.85902
13202,43.043116,-76.150796
12563,41.485285,-73.595066
13114,43.45951,-76.22882
12721,41.55426,-74.4396
14428,43.074911,-77.835003
14903,42.119824,-76.887659
12983,44.3295,-74.13127
10590,41.254331,-73.542714
13403,43.172019,-75.27371
12198,42.676167,-73.606194
12184,42.398503,-73.626548
14464,43.321659,-77.925097
10589,41.326544,-73.693685
11560,40.87832,-73.58818
14779,42.15784,-78.71503
12305,42.812776,-73.943368
10994,41.100622,-73.970482
14132,43.153105,-78.885611
12077,42.595704,-73.787766
12972,44.554081,-73.569296
12428,41.71704,-74.39571
11507,40.77158,-73.64816
12570,41.646389,-73.650107
11933,40.9163,-72.7644
11709,40.91065,-73.56207
14414,42.895631,-77.735104
11971,41.06017,-72.42642
12222,42.685261,-73.82323
11109,40.745115,-73.956928
10507,41.229037,-73.697998
11786,40.95732,-72.9076
13077,42.678012,-76.175275
10607,41.039235,-73.807293
13073,42.579298,-76.392709
14886,42.4803,-76.635158
14303,43.086455,-79.037965
14530,42.71562,-78.00556
14568,43.142795,-77.287414
12158,42.529746,-73.840579
10282,40.716597,-74.01459
11721,40.893197,-73.370462
12051,42.35092,-73.8029
10996,41.3937,-73.972175
12832,43.369373,-73.331692
13902,42.088824,-75.968883
12186,42.620654,-73.980441
13339,42.924806,-74.616883
13142,43.560497,-76.15532
13211,43.103573,-76.119484
13346,42.822667,-75.553153
14047,42.683522,-78.995736
14569,42.740223,-78.164804
13108,42.948057,-76.329799
12834,43.09063,-73.49873
12582,41.554509,-73.72667
11020,40.771442,-73.714819
14070,42.41994,-78.954628
13316,43.33451,-75.74796
10577,41.04093,-73.71457
12822,43.241967,-73.890739
14514,43.11978,-77.80556
13135,43.33021,-76.260803
13856,42.250118,-75.125556
10506,41.19469,-73.64686
13118,42.737724,-76.407811
12518,41.416157,-74.043064
14487,42.809457,-77.650938
14469,42.869556,-77.465843
14706,42.116168,-78.516218
10502,41.015096,-73.841478
13753,42.293718,-74.920671
10983,41.027646,-73.948404
14837,42.555387,-77.014409
12542,41.612647,-74.002802
14174,43.244454,-78.988325
13865,42.069103,-75.644078
10069,40.777952,-73.988381
12090,42.90119,-73.3515
14009,42.597171,-78.37463
14108,43.271156,-78.724806
13309,43.48368,-75.33656
10516,41.4621,-73.875003
14551,43.210384,-77.053517
14867,42.365688,-76.610212
13778,42.34013,-75.734191
13166,43.046493,-76.555316
14036,42.978522,-78.372338
11942,40.85476,-72.58691
13159,42.830037,-76.124357
10913,41.068782,-73.957282
10962,41.04869,-73.941
13624,44.144238,-76.062002
12986,44.22395,-74.46406
10594,41.117214,-73.771469
12143,42.493642,-73.858352
12025,43.082793,-74.160753
13407,43.01146,-75.00404
13605,43.80923,-76.02409
12170,43.001932,-73.660897
14432,42.962932,-77.150097
12833,43.12841,-73.84651
10532,41.10336,-73.79287
11579,40.84899,-73.64485
12446,41.77966,-74.29546
14590,43.224693,-76.840547
14727,42.21757,-78.27529
13326,42.714065,-74.890929
13053,42.477712,-76.291224
10993,41.208044,-73.975833
14801,42.10285,-77.23359
13830,42.437881,-75.567327
11940,40.80923,-72.75964
10560,41.331814,-73.608451
14505,43.15594,-77.172684
14131,43.233055,-78.906562
13733,42.295949,-75.507589
10576,41.208519,-73.568126
11952,41.00251,-72.54584
14546,43.04471,-77.772652
14136,42.520038,-79.207843
10928,41.36926,-73.96625
13452,42.99813,-74.68292
12084,42.70452,-73.91151
14510,42.683466,-77.866402
12522,41.74368,-73.57702
11980,40.83255,-72.92418
10004,40.68863,-74.018244
12883,43.852071,-73.478024
12845,43.42618,-73.71234
12123,42.51591,-73.61012
14261,43.007631,-78.791518
14423,42.935329,-77.838998
14105,43.196947,-78.502849
13308,43.27979,-75.64352
12887,43.492815,-73.421536
12134,43.266223,-74.228535
11514,40.74435,-73.608422
12157,42.655569,-74.337322
14787,42.32228,-79.5781
12962,44.69222,-73.55052
13068,42.49653,-76.372864
14883,42.203102,-76.471165
11944,41.10343,-72.35925
14572,42.516793,-77.564247
14512,42.667802,-77.413496
12498,42.04136,-74.11762
10963,41.47343,-74.53849
12816,43.068526,-73.392229
12946,44.30449,-73.99543
13849,42.382962,-75.292321
11804,40.75586,-73.45404
12148,42.841619,-73.847016
14750,42.10422,-79.3331
12790,41.592331,-74.552644
12037,42.335777,-73.528651
14891,42.37285,-76.927135
14802,42.25424,-77.79055
11568,40.78871,-73.59957
14042,42.473934,-78.494065
12885,43.570457,-73.859928
12027,42.923676,-73.911768
10464,40.863028,-73.799802
12580,41.85285,-73.91996
14067,43.208166,-78.56623
10916,41.443168,-74.258172
13803,42.497925,-76.047429
13637,44.0981,-75.817097
13833,42.195785,-75.759054
12545,41.832012,-73.637175
13074,43.32118,-76.57883
14548,42.978834,-77.252696
11954,41.04703,-71.94511
14871,42.047024,-76.882455
13460,42.648204,-75.455824
10524,41.375016,-73.931844
14737,42.335753,-78.491244
13140,43.03451,-76.62383
14541,42.749713,-76.844921
10925,41.22259,-74.29432
12053,42.77788,-74.197936
14532,42.963394,-77.043612
14080,42.640179,-78.543738
12944,44.442367,-73.514751
11715,40.75179,-73.03526
10548,41.25232,-73.93153
12929,44.72143,-73.72375
13317,42.867146,-74.595636
12871,43.10008,-73.58178
14485,42.889864,-77.608688
10921,41.319956,-74.36699
14416,43.073792,-78.019684
14882,42.573453,-76.552378
13811,42.22369,-76.18326
14433,43.097869,-76.872736
12758,41.818205,-74.802549
12196,42.64022,-73.60328
13838,42.308884,-75.391644
13329,43.1009,-74.77293
12487,41.857076,-74.017907
12594,41.64704,-73.56818
12443,41.91228,-74.05907
13634,44.014261,-76.08002
11796,40.732304,-73.10002
14202,42.881482,-78.877482
12083,42.424859,-74.026509
13456,42.991124,-75.270758
10926,41.300486,-74.124934
14025,42.625391,-78.726767
13082,43.103886,-75.961597
10006,40.708834,-74.013168
14772,42.162,-78.97532
13862,42.321825,-75.945183
12992,44.827274,-73.513225
12122,42.560533,-74.295505
13033,43.185529,-76.579082
11697,40.559365,-73.906713
13439,42.84018,-74.97159
13602,44.032457,-75.754468
12458,41.80137,-74.420108
10987,41.19343,-74.18431
11732,40.84957,-73.52892
13030,43.165372,-75.993896
14823,42.27035,-77.60582
12404,41.79714,-74.23195
12809,43.23785,-73.4915
13116,43.076828,-76.006001
13743,42.226448,-76.309863
11978,40.79061,-72.65731
10998,41.33676,-74.53988
14125,43.087438,-78.269677
13491,42.909122,-75.12867
12015,42.28004,-73.837035
13084,42.891099,-76.128862
11749,40.806738,-73.170891
12865,43.225966,-73.348736
13655,44.980232,-74.647334
13748,42.03424,-75.8038
11719,40.7793,-72.91213
13080,43.067413,-76.439657
14062,42.441146,-79.172343
14733,42.126604,-79.182837
14738,42.053586,-79.118889
13132,43.296808,-76.229091
13408,42.924089,-75.651484
13354,43.273266,-75.301263
14710,42.084481,-79.391738
14757,42.25395,-79.50449
12827,43.443936,-73.489198
12449,41.98627,-73.98943
12484,41.861844,-74.176532
12526,42.122234,-73.858769
13656,44.200392,-75.984109
13787,42.186306,-75.67618
13417,43.100869,-75.29496
10958,41.375634,-74.43375
14821,42.262954,-77.215478
13476,43.092924,-75.50161
13668,44.75145,-74.99436
14719,42.343336,-78.869752
14521,42.689791,-76.794102
14543,42.996613,-77.666524
13478,43.146502,-75.586218
11977,40.82454,-72.66621
12514,41.867364,-73.777256
14812,42.322924,-76.977336
13461,43.074349,-75.580839
14111,42.583165,-78.91888
10588,41.330892,-73.823549
10974,41.157473,-74.200784
13480,42.926167,-75.360922
11718,40.715424,-73.260912
12154,42.904445,-73.615618
12413,42.301789,-74.029434
12543,41.48398,-74.21765
11935,41.01408,-72.48723
12520,41.44482,-74.0157
13795,42.056172,-75.788126
13691,44.220448,-75.767059
13667,44.855075,-74.942946
11964,41.05848,-72.31423
14098,43.324031,-78.367151
13131,43.43397,-76.120904
12846,43.3234,-73.83373
13044,43.301232,-75.982593
12072,42.877533,-74.404477
12117,43.132167,-74.248494
13167,43.2809,-76.06659
14755,42.254567,-78.823628
12919,44.98643,-73.44653
14081,42.543516,-79.101301
12183,42.744245,-73.691507
13438,43.341666,-75.221046
14627,43.127513,-77.627674
14807,42.39451,-77.69666
12138,42.74952,-73.34011
11724,40.860098,-73.442315
14809,42.367861,-77.464128
13730,42.255147,-75.533335
11955,40.80621,-72.82379
14770,42.03868,-78.34085
12074,43.082925,-74.043981
12068,42.95452,-74.37652
14172,43.272729,-78.83101
12918,44.686162,-73.670249
13411,42.631807,-75.385073
12966,44.8532,-74.419121
14712,42.16172,-79.39171
12075,42.32537,-73.6179
14735,42.45079,-78.104285
12547,41.660687,-73.986567
14817,42.359694,-76.349154
14471,42.755573,-77.491905
13754,42.06008,-75.42768
12733,41.72477,-74.617933
14034,42.49645,-78.92059
12546,41.93846,-73.546336
12821,43.46144,-73.403287
12835,43.31729,-73.84818
14012,43.327031,-78.534963
13825,42.441165,-75.148268
14865,42.358866,-76.841852
13060,43.027813,-76.416612
13658,44.72728,-75.32105
14724,42.07268,-79.644932
11549,40.71724,-73.602746
14517,42.591883,-77.894474
13332,42.719674,-75.558861
13040,42.565932,-75.955301
13654,44.61812,-75.40716
14561,42.83336,-77.129398
12850,43.0898,-73.9179
10984,41.206898,-74.015411
13606,43.86162,-76.0001
14739,42.187901,-78.157246
13471,43.30368,-75.61685
12788,41.75981,-74.59405
13613,44.80755,-74.7738
13143,43.238248,-76.752077
12921,44.879906,-73.452578
10537,41.33926,-73.88236
14840,42.40785,-77.22359
14716,42.38867,-79.44116
13092,42.659466,-76.410528
12094,42.879946,-73.48684
10968,41.040946,-73.918205
14775,42.26569,-79.7123
13783,41.95398,-75.28045
13612,43.98871,-75.766746
13101,42.597468,-76.072949
14525,42.910203,-78.026899
14715,42.06673,-78.16779
12167,42.413508,-74.61939
14604,43.156612,-77.604023
10973,41.386099,-74.480395
11941,40.84012,-72.72607
13146,43.099386,-76.762705
13164,43.100588,-76.321678
14170,42.702797,-78.670098
12567,41.952681,-73.63633
14476,43.324058,-78.049928
12759,41.786516,-74.658843
13424,43.15729,-75.33267
13160,42.83979,-76.69328
12916,44.87763,-74.489379
14726,42.252473,-79.008294
12926,44.944145,-74.327316
13110,42.90896,-76.32354
13363,43.328374,-75.520067
13812,42.030061,-76.354752
12981,44.65143,-73.74348
12979,44.99393,-73.36486
13626,43.892324,-75.703596
13734,42.12518,-76.405626
14847,42.60844,-76.735556
13416,43.203313,-74.971893
12531,41.549045,-73.670325
14879,42.327262,-77.193204
13493,43.427301,-75.880041
12056,42.770065,-74.085963
14516,43.195842,-76.908805
12974,44.087072,-73.461308
13076,43.37396,-76.15243
10162,40.769945,-73.951117
13616,44.02173,-75.84604
14767,42.07506,-79.4831
12121,42.84202,-73.62262
14873,42.52396,-77.28887
13673,44.116323,-75.719346
12149,42.609418,-74.594655
10511,41.259961,-73.943495
12920,44.932727,-74.068371
12057,42.950078,-73.396223
12106,42.385231,-73.704442
14782,42.257762,-79.253829
14560,42.635525,-77.594478
14814,42.1431,-76.93165
14435,42.723231,-77.668291
12070,42.95841,-74.23291
14058,43.088434,-78.16261
12173,42.39036,-73.78151
14813,42.242168,-77.963148
14744,42.422827,-78.206289
13685,43.94617,-76.11909
12207,42.6575,-73.746424
13620,43.8884,-75.5113
11439,40.722008,-73.790822
14005,42.917622,-78.264873
12780,41.40009,-74.72322
12578,41.81246,-73.786647
12052,42.75447,-73.478427
12859,43.20138,-73.891854
12137,42.838578,-74.131734
13646,44.44895,-75.69412
12192,42.397703,-73.834836
14853,42.447373,-76.483703
13495,43.11285,-75.271
12197,42.606993,-74.732401
13327,43.909848,-75.365264
13409,42.972773,-75.600722
13324,43.271433,-75.04774
12023,42.602236,-74.154615
14747,42.152725,-79.111065
11976,40.92449,-72.35015
14838,42.181224,-76.671949
14743,42.197916,-78.415859
12466,41.894812,-73.976653
11005,40.757057,-73.7182
11548,40.81187,-73.62634
13843,42.52952,-75.38518
13320,42.768195,-74.759734
12910,44.865209,-73.577683
14544,42.734157,-77.242693
12775,41.619506,-74.575902
13797,42.339355,-76.045026
14718,42.34422,-79.30949
10976,41.03121,-73.92708
12581,41.913511,-73.695442
14203,42.869214,-78.869813
12747,41.73565,-74.67433
13699,44.496564,-75.072951
12996,44.35727,-73.39207
13425,42.96965,-75.485421
13648,44.15201,-75.32103
12523,42.05092,-73.79374
13459,42.787077,-74.584971
12928,43.930616,-73.58854
13083,43.642147,-76.029304
12501,41.848,-73.55277
12817,43.65257,-73.80096
12776,41.9336,-74.91747
12604,41.688266,-73.892261
14806,42.145794,-77.811901
14711,42.320366,-78.12964
12748,41.782874,-74.905417
14818,42.464152,-76.798018
13736,42.294616,-76.198223
13156,43.341948,-76.665228
14826,42.50229,-77.50721
12789,41.71065,-74.57433
13052,42.776527,-75.859458
12575,41.4662,-74.19126
13120,42.951126,-76.179845
14138,42.36423,-79.05559
13034,42.924315,-76.676419
14422,43.073142,-78.056938
12958,44.96379,-73.58785
13746,42.277777,-75.846246
14533,42.843464,-77.896153
12193,42.521722,-74.03961
13809,42.42647,-75.38323
12529,42.19327,-73.550028
13622,44.091892,-76.108527
14030,42.56812,-78.47891
12516,42.099322,-73.576102
12491,42.00833,-74.11205
14741,42.21704,-78.584117
14171,42.406409,-78.639581
14139,42.716759,-78.543478
12583,42.05842,-73.9093
13660,44.75034,-75.13104
14781,42.172076,-79.611348
12060,42.419964,-73.512815
12525,41.677151,-74.17387
13042,43.24035,-75.8838
14167,42.738977,-78.312478
10526,41.300361,-73.647891
12740,41.84787,-74.54794
13661,43.727352,-76.090851
14101,42.38917,-78.554217
13304,43.244356,-75.166319
13024,42.934596,-76.574232
13063,42.855631,-75.976158
14040,42.895989,-78.385667
12185,42.856307,-73.500679
12168,42.560862,-73.380714
14898,42.069469,-77.438058
12486,41.83156,-74.06956
13652,44.46728,-75.23049
14481,42.760644,-77.90355
13026,42.755979,-76.646007
13111,43.258337,-76.6292
13431,43.232502,-75.07288
14427,42.62674,-78.059147
12737,41.4787,-74.8135
12977,44.28922,-74.10765
10986,41.265953,-73.982912
12515,41.682335,-74.05799
14556,42.729839,-77.773919
12455,42.185189,-74.617819
13775,42.32887,-75.136628
13697,44.79478,-74.78686
13608,44.19923,-75.60688
12870,43.841273,-73.759213
12086,42.969505,-74.155559
14880,42.16615,-77.965672
12903,44.685411,-73.447398
14013,43.077884,-78.394594
12764,41.595908,-74.96233
11509,40.588854,-73.72709
11739,40.729371,-73.159874
14477,43.330763,-78.123328
14008,43.291696,-78.626944
14065,42.475344,-78.370334
13625,44.55312,-74.93964
12066,42.761186,-74.256518
13112,43.098983,-76.413216
12723,41.775202,-75.01807
13607,44.33588,-75.91773
14024,42.590046,-78.246616
13328,42.983981,-75.422034
12116,42.551473,-74.913829
12481,41.970903,-74.218443
12937,44.955977,-74.48674
12440,41.82755,-74.11848
13343,43.71035,-75.40213
12062,42.537218,-73.503877
13433,43.576823,-75.315816
12431,42.35925,-74.04986
12155,42.605453,-74.820584
14033,42.646441,-78.666272
14591,42.818578,-78.102549
12912,44.45097,-73.67325
14804,42.313285,-77.851286
10917,41.329224,-74.121764
12521,42.190488,-73.64465
14478,42.570794,-77.12259
13757,42.350091,-74.977712
14091,42.54386,-78.94475
12577,41.437176,-74.121804
12067,42.555446,-73.913714
12941,44.37505,-73.7282
13348,42.690531,-75.063513
14504,42.968903,-77.233194
12166,42.842006,-74.446
12959,44.95809,-73.6407
12592,41.802285,-73.560425
12140,42.69446,-73.55469
10578,41.32593,-73.65513
12957,44.85688,-74.552321
12993,44.18783,-73.434541
12059,42.618248,-74.028108
12935,44.801467,-73.739157
13485,42.7634,-75.27822
12093,42.458932,-74.580562
13650,43.812653,-76.208109
14466,42.78481,-77.618049
13630,44.462555,-75.30067
13618,44.126469,-76.272585
14894,42.027102,-76.764516
12853,43.69951,-73.98263
10501,41.293169,-73.759033
12726,41.691959,-74.974074
12430,42.177175,-74.547279
13144,43.571095,-75.972208
14550,42.674209,-78.084485
14889,42.210223,-76.585084
13145,43.621562,-76.11029
14778,42.077584,-78.48324
14102,42.84006,-78.55502
12457,42.04481,-74.27542
10964,41.008947,-73.92093
13302,43.497512,-75.988154
12092,42.69008,-74.38291
13315,42.734593,-75.133065
13303,43.364242,-75.468514
12565,42.24842,-73.65318
12751,41.67676,-74.66627
14869,42.377454,-76.77621
13744,42.243783,-75.90689
14054,42.917037,-78.126525
12779,41.72175,-74.63498
14028,43.313814,-78.736907
12451,42.25291,-73.89374
12783,41.75064,-74.77794
13810,42.610748,-75.102602
12468,42.31481,-74.43293
13428,42.926617,-74.54472
13801,42.49712,-75.731309
14858,42.02841,-77.13969
13694,44.8645,-75.2041
13158,42.696543,-75.98409
12461,41.875001,-74.273362
13839,42.29064,-75.25573
11939,41.12976,-72.34216
14709,42.30673,-78.01584
13680,44.59201,-75.3191
13464,42.672573,-75.593362
12917,44.932057,-74.200948
14055,42.559423,-78.621851
12729,41.46732,-74.59377
13808,42.54869,-75.24517
13338,43.500975,-75.153257
12472,41.84398,-74.08209
12814,43.574329,-73.677564
12504,42.034804,-73.912425
14803,42.26979,-77.75916
12496,42.320273,-74.231589
12863,43.061305,-73.92308
12125,42.46397,-73.3965
11794,40.913317,-73.124864
14731,42.297229,-78.649654
13081,42.66535,-76.61661
14145,42.733778,-78.423303
12502,42.067399,-73.657698
13335,42.711712,-75.246539
12967,44.761862,-74.680488
10505,41.34209,-73.745449
13835,42.371552,-76.197488
13679,44.327083,-75.80354
14129,42.472671,-79.007621
13469,43.219369,-75.299112
10919,41.53156,-74.370569
12485,42.195922,-74.137242
12785,41.4987,-74.55849
13477,43.05229,-75.50156
12956,44.09283,-73.51818
12076,42.411096,-74.427506
12423,42.377483,-74.123477
12463,42.197886,-74.00995
13122,42.825164,-75.85266
13368,43.621838,-75.365348
14860,42.61396,-76.82246
12913,44.401213,-74.070277
14066,42.6409,-78.1339
12997,44.38838,-73.81542
13473,43.62729,-75.41129
13402,42.898322,-75.549372
11569,40.590503,-73.580822
14861,42.087671,-76.684615
13807,42.601799,-74.975717
14614,43.157442,-77.615355
13322,42.961973,-75.233003
14723,42.2945,-79.09976
12734,41.734858,-74.734508
14571,43.328706,-78.238501
12932,44.21616,-73.59097
14753,42.02729,-78.62947
14418,42.622634,-77.227187
13681,44.439964,-75.377707
10931,41.120195,-74.170639
14109,43.13867,-79.03893
13318,42.921786,-75.255163
12087,42.411114,-73.881515
13054,43.12062,-75.67102
14859,42.115457,-76.507823
14740,42.21129,-79.170519
13355,42.817286,-75.422764
14864,42.259644,-76.842298
12719,41.486186,-74.915176
13864,42.29007,-76.37827
14555,43.254644,-76.983518
13420,43.752203,-74.873176
12837,43.52479,-73.25178
13635,44.32451,-75.25104
13325,43.56647,-75.425289
10546,41.201373,-73.796456
11932,40.9314,-72.31023
10969,41.29787,-74.45932
14143,42.975195,-78.069868
12980,44.657819,-74.515511
13490,43.11008,-75.426511
12029,42.41203,-73.44706
12815,43.677503,-73.773434
13813,42.147454,-75.55656
13802,42.253754,-76.046399
11957,41.14281,-72.27676
13684,44.382351,-75.104276
13796,42.555454,-75.135511
14037,42.807705,-78.446855
12548,41.672278,-74.103276
14507,42.686845,-77.262987
13788,42.37147,-74.67043
12585,41.716145,-73.690109
14728,42.23922,-79.44532
12934,44.892243,-73.907936
11960,40.8076,-72.70871
12464,42.08315,-74.31433
12914,44.93893,-74.56769
13731,42.12923,-74.843187
12058,42.352969,-73.905306
12409,42.04065,-74.15514
13752,42.220641,-74.916308
10596,41.254823,-73.958727
12824,43.47924,-73.68706
13334,42.82982,-75.65364
12474,42.295703,-74.563088
12960,44.041863,-73.505265
12417,41.907604,-73.989254
12985,44.62866,-73.55791
10518,41.269896,-73.612074
12022,42.67051,-73.357825
13147,42.770829,-76.586213
12970,44.43867,-74.25266
14842,42.577714,-76.96452
12156,42.491469,-73.723935
12765,41.865656,-74.60902
14729,42.405354,-78.735158
10922,41.334557,-73.99175
13780,42.40424,-75.48963
14720,42.1095,-79.2831
12989,44.45172,-74.06571
14836,42.546164,-77.90021
12427,42.169082,-74.12958
13755,42.08092,-74.99572
12151,42.924726,-73.785914
13072,42.768124,-75.788393
14822,42.422577,-77.835626
12777,41.561802,-74.709618
12930,44.71756,-74.55268
14462,42.694819,-77.754628
13665,44.054012,-75.514487
12873,43.104587,-73.314179
13454,43.14257,-74.78654
12732,41.52703,-74.88405
12028,42.95369,-73.43428
14260,42.768413,-78.887094
13071,42.673871,-76.526226
14805,42.375566,-76.732706
14855,42.142197,-77.497908
13750,42.47175,-74.8446
11958,41.03684,-72.46897
12153,42.635503,-73.479705
12456,42.037136,-73.992829
13682,43.856677,-75.907485
14825,42.052426,-76.607029
14769,42.371561,-79.468963
12746,41.442383,-74.656826
13061,42.841725,-75.744589
11765,40.88704,-73.55512
11930,40.97929,-72.13261
14846,42.555834,-77.999451
12160,42.756876,-74.317361
14506,43.001323,-77.504268
12494,41.96731,-74.28709
14784,42.31514,-79.38833
12136,42.434992,-73.561172
10597,41.297198,-73.597979
12857,43.77145,-73.93124
12878,43.40979,-73.8779
13028,43.24451,-75.93353
12791,41.80842,-74.88627
14819,42.211491,-77.453509
12469,42.464687,-74.213992
12838,43.354304,-73.404906
14480,42.837288,-77.703091
13690,44.16125,-75.03632
12434,42.35786,-74.50848
10988,41.302081,-74.548556
14815,42.37118,-77.10886
13739,42.33342,-74.80766
12175,42.535029,-74.54525
13782,42.192781,-75.012689
14877,42.071887,-77.677653
13321,43.08671,-75.37487
13470,43.190651,-74.650311
12120,42.478906,-74.147178
13361,42.91479,-74.95154
13310,42.88924,-75.55129
14113,42.68367,-78.33779
13615,44.007,-75.98409
14824,42.272948,-76.693628
12442,42.233275,-74.241582
13141,42.739682,-76.157108
12063,42.563685,-73.627428
14885,42.060366,-77.562142
12432,42.04615,-73.94862
12843,43.58596,-73.916498
12950,44.27505,-73.56569
12884,43.088397,-73.591652
13486,43.339068,-75.341898
12470,42.282915,-74.018409
12503,42.043039,-73.587575
14897,42.03785,-77.76249
14082,42.65161,-78.387099
12473,42.276462,-74.044432
12190,43.3959,-74.28958
13319,43.028469,-75.264008
12766,41.820897,-74.995771
14878,42.48015,-76.946931
12419,41.856903,-74.111235
14841,42.50063,-76.87246
13337,42.70563,-74.98182
13842,42.3423,-74.7171
13844,42.624833,-75.652767
12032,43.15566,-74.494888
14820,42.18035,-77.36359
12768,41.85537,-74.7596
14536,42.555988,-78.098906
14126,43.335882,-78.728636
12150,42.87452,-74.04652
12174,42.343986,-73.73477
12942,44.25616,-73.79209
14069,42.610187,-78.639976
12405,42.315975,-74.065515
14839,42.143242,-77.562991
12041,42.57591,-73.96402
12842,43.749928,-74.327593
10527,41.323246,-73.757911
12836,43.74534,-73.49845
12810,43.49257,-73.8429
14777,42.39229,-78.25362
12936,44.273412,-73.377434
14816,42.199631,-76.7312
12412,42.00509,-74.26598
12045,42.475704,-73.797722
12406,42.141725,-74.572054
11972,40.81954,-72.70538
13155,42.654768,-75.769855
13313,42.879227,-75.267172
12763,41.68954,-74.53127
11965,41.08399,-72.35592
12130,42.439983,-73.666343
13841,42.39507,-75.80797
12861,43.743816,-73.422181
11959,40.82316,-72.60954
14748,42.144977,-78.646626
13687,44.51062,-74.88769
12008,42.859176,-73.902117
12749,41.687384,-74.835807
12187,42.61884,-74.463554
12046,42.492791,-73.928403
14714,42.290569,-78.237314
14808,42.562012,-77.468518
11948,40.96954,-72.56203
14754,42.031872,-78.209708
13483,43.403751,-75.825528
12574,41.915068,-73.95173
11970,40.93649,-72.57731
13410,42.931174,-74.61252
12177,42.951223,-74.287066
12108,43.667618,-74.456913
14717,42.38645,-78.15362
13621,44.845315,-75.047975
14026,42.941008,-78.688009
13740,42.26203,-74.7846
13489,43.44448,-75.543231
13863,42.449946,-75.924813
12482,42.27703,-73.9568
13861,42.501093,-75.140874
11547,40.83367,-73.642687
12433,42.008413,-74.147995
10517,41.300561,-73.861217
12762,41.686123,-74.783554
12786,41.67703,-74.82794
13846,42.380509,-75.059702
13672,44.544283,-74.780387
12760,41.871276,-75.076328
12923,44.916842,-73.932053
12475,42.017632,-74.007868
12823,43.18369,-73.42678
13776,42.47147,-75.32573
14511,42.99284,-77.86029
12164,43.49729,-74.36181
10914,41.40926,-74.19515
11042,40.758538,-73.697224
13157,43.206652,-75.721431
13664,44.58645,-75.64829
12454,42.282466,-74.160193
12444,42.264524,-74.295888
13756,42.003935,-75.122615
13670,44.216681,-75.084323
13406,43.135209,-74.934473
12147,42.500258,-74.160591
12035,42.730668,-74.357711
13638,44.01751,-75.755032
12965,44.69728,-74.65935
13832,42.61701,-75.60241
12017,42.31175,-73.47317
13777,42.25869,-76.00937
14872,42.240529,-76.875072
12517,42.11953,-73.52512
12176,42.385117,-73.958671
11975,40.95914,-72.25077
12069,42.9423,-74.28513
12945,44.36755,-74.23266
12778,41.661538,-74.817751
12743,41.531346,-74.849136
13786,42.43841,-74.68737
12169,42.592887,-73.448036
12851,43.79145,-73.9843
12847,43.953253,-74.440029
13162,43.18852,-75.712551
13163,43.07535,-75.70685
12480,42.12009,-74.39543
12410,42.073965,-74.453033
12422,42.39953,-74.17236
13659,43.75037,-75.899974
14060,42.42756,-78.36085
13468,42.83883,-74.85897
12064,42.632058,-74.667368
13136,42.619466,-75.845544
13435,43.305156,-75.150183
12530,42.20537,-73.69123
12411,41.875232,-74.043557
12420,41.669831,-74.380138
13611,43.778046,-76.125914
13153,42.99312,-76.45605
12465,42.157153,-74.460017
14549,42.700031,-78.017273
14486,42.89428,-77.921587
12860,43.73118,-73.8193
12943,44.202397,-73.773111
10535,41.33815,-73.79069
13693,44.029787,-76.222374
12439,42.28981,-74.21653
13614,44.538648,-75.68666
12852,43.936189,-74.163697
12812,43.85534,-74.44349
12849,43.442087,-73.290902
14475,42.935868,-77.498231
11956,40.99772,-72.47754
12085,42.703313,-73.963262
13312,43.68868,-75.29212
14884,42.455859,-77.889425
12752,41.68426,-74.99267
12819,43.63645,-73.44539
13117,43.01006,-76.70328
12007,42.46869,-73.92568
14441,42.68396,-76.9558
13065,42.822662,-76.80197
12507,42.000547,-73.919899
13437,43.577131,-75.829419
12955,44.804316,-73.97299
12927,44.228969,-74.858103
12769,41.651453,-74.436159
12969,44.74366,-74.15904
12471,41.843871,-74.041344
14463,42.796578,-77.063876
14752,42.352416,-79.323502
13450,42.70804,-74.802488
12952,44.708318,-73.90566
12042,42.411207,-73.927573
12856,43.723665,-74.087329
13774,41.9637,-75.17489
10933,41.365286,-74.510918
13342,42.63153,-75.186593
14774,42.088367,-78.149093
12844,43.48007,-73.62706
12418,42.368277,-74.179384
12424,42.23509,-74.14542
12460,42.4098,-74.15236
13633,44.49891,-75.477156
12139,43.428386,-74.526485
12975,44.526437,-73.409243
12738,41.65398,-74.58683
12770,41.446322,-74.856932
11962,40.92538,-72.27814
12978,44.60626,-73.81114
14166,42.4511,-79.415421
13364,42.80868,-75.25266
13784,42.42618,-76.2266
12421,42.235727,-74.56969
12512,41.552793,-73.968183
13826,42.09982,-75.638796
13804,42.24203,-75.3774
12855,43.970736,-73.721139
13640,44.321282,-76.017151
12453,42.098698,-73.935418
13115,43.397671,-76.482365
13834,42.53036,-74.9671
14302,43.093896,-79.049193
12124,42.444198,-73.788241
13666,44.21062,-74.98908
12036,42.541025,-74.655395
13494,43.524904,-75.142771
12172,42.285749,-73.733532
13628,44.03562,-75.68381
12436,42.19551,-74.102319
12987,44.33644,-73.7757
11430,40.655246,-73.797769
14056,42.991173,-78.312171
12416,42.095023,-74.271661
13696,44.694736,-74.888042
13692,44.289833,-76.02621
12435,41.727613,-74.515647
12450,42.12787,-74.26292
10985,41.583519,-74.373188
10540,41.333398,-73.724257
14881,42.402463,-76.360782
14173,42.524691,-78.475474
12071,42.592287,-74.438129
12132,42.47203,-73.63178
12808,43.708338,-73.794147
12767,41.84481,-75.00711
12492,42.206787,-74.375508
13806,42.36703,-74.95377
13418,42.85035,-75.39073
12031,42.75702,-74.44569
14722,42.20978,-79.46671
12725,41.899285,-74.58802
12195,42.48619,-73.46622
12741,41.839135,-75.05342
13695,44.140791,-74.912493
13062,42.48507,-76.38355
12976,44.467,-74.17293
13305,43.88701,-75.42741
14783,42.082001,-78.917738
13301,43.419596,-75.224784
14708,42.025431,-78.084837
12513,42.22509,-73.73457
13636,43.73285,-76.13604
12886,43.631297,-73.936399
14742,42.120512,-79.30958
12811,43.61479,-74.02485
12939,44.432,-74.18099
14041,42.408583,-78.984391
13472,43.70007,-75.00184
12165,42.305721,-73.510986
14736,42.133206,-79.737701
13087,42.706981,-76.156103
12194,42.528439,-74.44763
12862,43.685403,-73.910321
12448,42.083209,-74.191963
13441,43.226377,-75.408248
13647,44.605875,-74.98058
13360,43.75451,-74.79295
10519,41.347727,-73.661014
14515,43.257819,-77.735079
14721,42.013691,-78.264775
14874,42.52507,-77.1672
13651,43.870842,-76.180886
10545,41.178591,-73.83545
13632,44.139501,-76.061552
14585,42.906261,-77.553145
14557,43.041606,-78.057252
13124,42.62257,-75.81964
14415,42.754115,-77.026379
14592,42.872238,-77.895893
13345,43.68146,-75.35462
13134,42.967368,-75.684678
13860,42.44591,-74.96322
12131,42.457514,-74.464577
11770,40.644344,-73.161286
12874,43.693173,-73.505019
13103,43.32576,-76.109544
14479,43.242,-78.31058
13138,42.899087,-76.014634
12792,41.52259,-74.93294
10279,40.712626,-74.008669
12961,44.06117,-73.50985
12841,43.63923,-73.50706
14135,42.488983,-79.238997
12407,42.3037,-74.33348
13404,43.73757,-75.46963
14130,42.55645,-78.15279
14827,42.180651,-77.142885
13859,42.36758,-75.24545
14168,42.520385,-78.990541
14545,42.66423,-77.71416
12998,44.08267,-73.530601
12858,43.89145,-73.64568
12489,41.760604,-74.353531
12459,42.20943,-74.683726
12736,41.878194,-75.034258
13488,42.680906,-74.76529
12781,41.619677,-74.466384
14788,42.062125,-78.377974
13751,42.44814,-74.91905
12495,42.07648,-74.22792
12441,42.14426,-74.48987
13678,44.828685,-74.979811
12820,43.47181,-73.639291
12872,43.87589,-73.73041
14035,42.49064,-78.849861
12787,41.800193,-74.828611
12742,41.71426,-74.72627
14029,42.474283,-78.247413
12493,41.795276,-73.980908
13020,42.81868,-76.07242
12854,43.452517,-73.34095
14413,43.222735,-76.982149
14169,42.76839,-78.53002
14537,43.03451,-77.15748
12915,44.552725,-74.317958
14854,42.505802,-76.614769
14707,42.073739,-78.059374
14112,42.697963,-78.939953
12973,44.234289,-74.555957
14134,42.532281,-78.517233
13331,43.816675,-74.886163
13333,42.836995,-74.818644
13314,42.81285,-75.31767
10503,41.026556,-73.87531
14027,42.57075,-79.030785
14061,42.594627,-79.08404
10915,41.54426,-74.36154
12720,41.661466,-74.911474
14039,42.81923,-78.17279
12724,41.83676,-74.94655
14539,42.834327,-77.877876
13415,42.590419,-75.195695
13436,43.81312,-74.65739
10975,41.24482,-74.17542
13102,42.554215,-76.292723
12115,42.47064,-73.58289
12924,44.481354,-73.580617
12964,44.16338,-73.61152
12544,42.259623,-73.667962
12024,42.476788,-73.533278
6390,41.27037,-71.98837
13482,42.704333,-75.184913
13643,44.031812,-75.717095
13455,42.916235,-75.35448
12483,41.663895,-74.424533
13639,44.24784,-75.1377
13674,43.738561,-76.04818
14893,42.467714,-77.107721
13641,44.27644,-76.008
12922,44.287829,-74.702338
13623,44.442,-75.7569
13738,42.567313,-76.123795
14732,42.229098,-79.11347
13475,42.89507,-74.82765
13675,44.281718,-75.846286
12933,44.890994,-73.845341
14529,42.53979,-77.62833
13457,42.775805,-75.048502
12429,41.82787,-73.96514
11973,40.86954,-72.88677
13154,43.134425,-76.765591
13051,42.87646,-75.91353
13113,43.16562,-76.53689
12438,42.20842,-74.60099
14785,42.155693,-79.412233
10932,41.48216,-74.464285
12040,42.63735,-73.350721
12722,41.59009,-74.3821
13353,43.3909,-74.71682
13747,42.505122,-74.982056
13352,43.31229,-75.12183
12750,41.729581,-74.961146
12452,42.24036,-74.36543
13847,42.180595,-75.292138
12745,41.762944,-75.030592
14083,42.675193,-78.436442
12527,41.520249,-73.933259
10911,41.31287,-74.00625
13814,42.603574,-75.528221
13649,44.921678,-74.706763
12161,42.53175,-73.84735
12864,43.72731,-74.305442
12784,41.669877,-74.63824
12082,42.772624,-73.446834
